{"stats":{"minecraft:custom":{"minecraft:mob_kills":3,"minecraft:inspect_hopper":1,"minecraft:interact_with_crafting_table":1,"minecraft:leave_game":38,"minecraft:time_since_death":440105,"minecraft:walk_one_cm":1103833,"minecraft:sprint_one_cm":140401,"minecraft:drop":27,"minecraft:talked_to_villager":1,"minecraft:play_time":1606030,"minecraft:deaths":4,"minecraft:sneak_time":5251,"minecraft:jump":264,"minecraft:walk_on_water_one_cm":3216,"minecraft:total_world_time":3806356,"minecraft:sleep_in_bed":2,"minecraft:time_since_rest":440169,"minecraft:damage_taken":690,"minecraft:damage_dealt":720,"minecraft:fly_one_cm":888112,"minecraft:open_chest":21,"minecraft:crouch_one_cm":23003,"minecraft:fall_one_cm":2678},"minecraft:killed":{"ad_astra:lunarian_wandering_trader":1,"ad_astra:martian_raptor":2},"minecraft:used":{"storagedrawers:oak_full_drawers_1":2,"nuclearcraft:basic_lithium_ion_battery":7,"create:framed_glass":1,"minecraft:netherite_sword":7,"ftbquests:screen_3":1,"create:brass_door":1,"minecraft:iron_bars":25,"ad_astra:yellow_industrial_lamp":8,"bellsandwhistles:metro_trapdoor":1,"minecraft:flint_and_steel":3,"toughasnails:water_purifier":4,"flinttools:flint_pickaxe":1,"minecraft:chest":13,"farmersdelight:stove":5,"immersiveengineering:reinforced_crate":10,"immersiveengineering:alu_fence":7,"bellsandwhistles:brass_door_step":3,"minecraft:farmland":4,"create:polished_cut_asurine_stairs":4,"immersiveengineering:alu_post":7,"ad_astra:steel_door":3,"nuclearcraft:du_lithium_ion_battery":2,"minecraft:dirt":1,"create:andesite_door":6,"farmersdelight:rich_soil_farmland":12,"create:mechanical_mixer":2,"minecraft:hopper":1,"alchemistry:liquifier":14,"create:cogwheel":4,"ad_astra:wrench":146,"enderio:item_conduit":4,"farmersdelight:white_canvas_sign":4,"ad_astra:tier_4_rocket":3,"minecraft:milk_bucket":1,"farmersdelight:white_hanging_canvas_sign":1,"alchemistry:dissolver":11,"nuclearcraft:emergency_coolant_heated_bucket":1,"ad_astra:vent":10,"create:train_trapdoor":2,"industrialforegoing:mycelial_magma":1,"ad_astra:small_yellow_industrial_lamp":3,"minecraft:packed_ice":5,"minecraft:lava_bucket":1,"nuclearcraft:fission_reactor_glass":1,"ad_astra:mars_stone":1,"alchemistry:compactor":4,"alchemistry:combiner":5,"enderio:pressurized_fluid_conduit":5,"ad_astra:airlock":3,"ad_astra:red_industrial_lamp":15,"nuclearcraft:thorium_bucket":28,"create:millstone":1,"ad_astra:iron_factory_block":4,"ad_astra:glowing_iron_pillar":13,"ad_astra:desh_fluid_pipe":36,"chemlib:periodic_table":2,"ad_astra:oxygen_loader":10,"minecraft:item_frame":2,"ad_astra:iron_plating":237,"dyairdrop:airdropmedical":2,"enderio:conduit_probe":3,"create:fluid_pipe":2,"immersiveengineering:crate":4,"minecraft:potato":14,"flinttools:flint_knife":3,"enderio:fluid_tank":1,"farmersdelight:potato_crate":10,"ad_astra:steel_plateblock":219,"minecraft:water_bucket":3,"nuclearcraft:du_storage_container":1,"dew_drop_farmland_growth:garden_pot":4,"industrialforegoing:pitiful_generator":7,"create:crushing_wheel":2,"farmersdelight:skillet":2,"ad_astra:marked_iron_pillar":30,"ad_astra:oxygen_sensor":5,"enderio:ender_fluid_conduit":4,"create:train_door":4,"ad_astra:mars_sand":171,"actuallyadditions:coal_generator":3,"immersiveengineering:capacitor_creative":9,"ad_astra:steel_cable":79,"ad_astra:iron_plateblock":782,"create:mechanical_saw":5,"minecraft:glow_item_frame":7,"dew_drop_farmland_growth:weak_fertilizer":2,"ad_astra:earth_globe":1,"minecraft:tnt":12,"minecraft:crafting_table":1,"storagedrawers:framing_table":2,"ad_astra:small_brown_industrial_lamp":4,"toughasnails:rain_collector":2,"ad_astra:energizer":2,"ad_astra:iron_sliding_door":4,"minecraft:campfire":1,"minecraft:black_bed":12,"minecraft:painting":18,"watersources:water_source_tier_1":2,"watersources:water_source_tier_5":6,"ad_astra:solar_panel":44,"minecraft:lever":3,"immersiveengineering:slab_sheetmetal_colored_gray":2,"enderio:clear_glass_da_white":1,"dew_drop_farmland_growth:iron_sprinkler":1,"ad_astra:space_painting":1,"create:mechanical_press":1,"nuclearcraft:basic_storage_container":1,"ad_astra:white_industrial_lamp":75,"ad_astra:oxygen_distributor":31,"enderio:pressurized_fluid_tank":4,"ad_astra:launch_pad":2,"storagedrawers:framed_full_drawers_1":4,"enderio:energy_conduit":27,"storagedrawers:quantify_key":3,"industrialforegoing:mycelial_furnace":5,"create:basin":5,"minecraft:potion":3,"ad_astra:cable_duct":84,"alchemistry:fusion_core":2,"sync:shell_constructor":6,"create:creative_fluid_tank":2,"create:display_board":1,"create:hand_crank":7,"nuclearcraft:elite_storage_container":1,"nuclearcraft:emergency_coolant_bucket":18,"storagedrawers:drawer_key":3,"watersources:water_source_tier_2":6,"minecraft:birch_stairs":2},"minecraft:dropped":{"chemlib:iron_plate":15,"ad_astra:oxygen_sensor":1,"minecraft:glass_bottle":34,"create:mechanical_saw":1,"create:fluid_pipe":1,"ad_astra:mars_sand":2,"minecraft:iron_nugget":82,"chemlib:nylon":1,"patchouli:guide_book":1},"minecraft:crafted":{"flinttools:flint_pieces":1,"minecraft:potato":45,"create:andesite_alloy":32},"minecraft:mined":{"minecraft:packed_ice":3,"ad_astra:desh_fluid_pipe":1,"ad_astra:mars_sand":2,"minecraft:dirt":1,"ad_astra:cable_duct":1},"minecraft:picked_up":{"ad_astra:wrench":2,"minecraft:potion":1,"ad_astra:iron_sliding_door":2,"minecraft:brick":5,"ftbquests:screen_3":1,"create:fluid_pipe":1,"chemlib:nitrogen":1,"ad_astra:mars_cobblestone":55,"minecraft:iron_nugget":9,"ad_astra:airlock":3,"chemlib:iron_plate":13,"minecraft:glow_item_frame":3,"chemlib:carbon":87,"create:hand_crank":4,"ad_astra:mars_sand":3,"chemlib:carbon_dioxide":26,"chemlib:periodic_table":1,"ad_astra:ice_shard":6,"ad_astra:iron_rod":2,"ad_astra:desh_fluid_pipe":1,"chemlib:argon":3,"toughasnails:dirty_water_bottle":1,"minecraft:water_bucket":1,"ad_astra:oxygen_sensor":1,"minecraft:dirt":1,"minecraft:glass_bottle":129,"create:mechanical_saw":1,"patchouli:guide_book":1,"chemlib:oxygen":4,"ad_astra:cable_duct":1,"ad_astra:white_industrial_lamp":1}},"DataVersion":3465}